"","","","","","WIDEBODY","","","",""
"","","","","U.S. OUTBOUND TO EMEIA","","","","",""
"","Orig","Dest","Departs","Arrives","Fleet","Flight","DOW","Start Date","End Date"
"","ATL","AMS","15:15","06:00","A330","DL0070","DAILY","01Oct2023","27Oct2023"
"","ATL","AMS","17:30","08:10","A330","DL0072","DAILY","01Oct2023","31Oct2023"
"","ATL","AMS","19:45","10:35","A350","DL0074","DAILY","01Oct2023","31Oct2023"
"","ATL","ATH","17:10","10:55","A350","DL0222","DAILY","01Oct2023","27Oct2023"
"","ATL","BCN","17:45","09:10","A350","DL0194","DAILY","01Oct2023","30Oct2023"
"","ATL","CDG","15:55","06:10","A350","DL0082","DAILY","01Oct2023","31Oct2023"
"","ATL","CDG","22:00","13:20","B767","DL0084","DAILY","01Oct2023","31Oct2023"
"","ATL","CDG","18:40","09:15","B767","DL0088","1.3.5.7","01Oct2023","30Oct2023"
"","ATL","CPT","20:40","17:50","A350","DL0210","1..4.6.","02Oct2023","30Oct2023"
"","ATL","DUB","20:05","08:45","A350","DL0176","DAILY","01Oct2023","27Oct2023"
"","ATL","DUS","17:55","08:35","B767","DL0090",".2.4.6.","03Oct2023","26Oct2023"
"","ATL","FCO","18:50","10:35","A330","DL0066","DAILY","01Oct2023","31Oct2023"
"","ATL","FCO","16:30","08:15","A330","DL0214","DAILY","01Oct2023","27Oct2023"
"","ATL","FRA","18:50","09:50","A330","DL0014","DAILY","01Oct2023","31Oct2023"
"","ATL","JNB","17:45","19:00","A350","DL0200","DAILY","01Oct2023","30Oct2023"
"","ATL","JNB","17:45","15:05","A350","DL0024",".2....7","29Oct2023","31Oct2023"
"","ATL","LHR","17:35","07:15","B767","DL0030","DAILY","01Oct2023","31Oct2023"
"","ATL","LHR","21:55","11:10","B767","DL0032","DAILY","01Oct2023","31Oct2023"
"","ATL","LOS","17:30","11:00","A330","DL0054","DAILY","01Oct2023","31Oct2023"
"","ATL","MAD","18:10","08:45","B767","DL0108","DAILY","01Oct2023","31Oct2023"
"","ATL","MUC","18:30","09:30","B767","DL0130","DAILY","01Oct2023","31Oct2023"
"","ATL","MXP","17:50","09:30","A350","DL0174","DAILY","01Oct2023","31Oct2023"
"","ATL","STR","17:45","08:40","B767","DL0116","1.3.5.7","01Oct2023","27Oct2023"
"","ATL","TLV","14:10","09:15","A350","DL0248","DAILY","01Oct2023","31Oct2023"
"","ATL","VCE","19:40","11:15","B767","DL0192","DAILY","01Oct2023","27Oct2023"
"","BOS","AMS","17:15","06:15","A330","DL0256","DAILY","01Oct2023","27Oct2023"
"","BOS","AMS","19:00","08:15","A330","DL0258","DAILY","01Oct2023","31Oct2023"
"","BOS","ATH","16:40","08:55","A330","DL0240","1.3.5.7","01Oct2023","27Oct2023"
"","BOS","CDG","18:55","09:30","A330","DL0224","DAILY","01Oct2023","31Oct2023"
"","BOS","DUB","20:30","08:25","B767","DL0154","DAILY","01Oct2023","31Oct2023"
"","BOS","EDI","21:10","08:35","B767","DL0122","DAILY","01Oct2023","27Oct2023"
"","BOS","FCO","17:00","07:00","A330","DL0112","DAILY","01Oct2023","30Oct2023"
"","BOS","LHR","19:30","07:05","B767","DL0058","DAILY","01Oct2023","31Oct2023"
"","BOS","LIS","20:50","11:00","B767","DL0124","DAILY","01Oct2023","31Oct2023"
"","BOS","TLV","16:20","10:20","A330","DL0242",".2.4.6.","03Oct2023","31Oct2023"
"","CVG","CDG","18:50","09:15","B767","DL0228",".2.4.6.","03Oct2023","31Oct2023"
"","DTW","AMS","16:00","06:00","A350","DL0132","DAILY","01Oct2023","31Oct2023"
"","DTW","AMS","18:30","08:15","A330","DL0134","DAILY","01Oct2023","31Oct2023"
"","DTW","AMS","21:50","12:20","A330","DL0136","DAILY","01Oct2023","31Oct2023"
"","DTW","CDG","18:15","08:15","A330","DL0098","DAILY","01Oct2023","31Oct2023"
"","DTW","FCO","17:45","08:45","A330","DL0206","DAILY","01Oct2023","27Oct2023"
"","DTW","FRA","18:25","08:40","A330","DL0086","DAILY","01Oct2023","31Oct2023"
"","DTW","LHR","18:45","07:15","A330","DL0016","DAILY","01Oct2023","31Oct2023"
"","DTW","LHR","21:25","11:00","A330","DL0018","123.56.","02Oct2023","31Oct2023"
"","DTW","MUC","17:55","08:20","B767","DL0022","DAILY","01Oct2023","27Oct2023"
"","JFK","ACC","23:50","14:15","B767","DL0156","DAILY","01Oct2023","31Oct2023"
"","JFK","AMS","16:45","06:15","A330","DL0046","DAILY","01Oct2023","31Oct2023"
"","JFK","AMS","19:30","09:15","A330","DL0048","DAILY","01Oct2023","31Oct2023"
"","JFK","ARN","17:45","08:00","B767","DL0204","DAILY","01Oct2023","27Oct2023"
"","JFK","ATH","15:15","08:30","A330","DL0202","DAILY","01Oct2023","31Oct2023"
"","JFK","ATH","20:15","13:15","B767","DL0212","1.3.5.7","01Oct2023","27Oct2023"
"","JFK","BCN","17:30","12:05","B767","DL0168","DAILY","01Oct2023","31Oct2023"
"","JFK","BER","17:00","07:05","B767","DL0092","DAILY","01Oct2023","27Oct2023"
"","JFK","BRU","19:00","09:00","B767","DL0140","DAILY","01Oct2023","31Oct2023"
"","JFK","CDG","19:30","09:00","B767","DL0262","DAILY","01Oct2023","31Oct2023"
"","JFK","CDG","22:30","12:00","B767","DL0264","DAILY","01Oct2023","31Oct2023"
"","JFK","CPH","21:50","11:40","B767","DL0218","DAILY","01Oct2023","27Oct2023"
"","JFK","DSS","20:40","09:30","B767","DL0216",".2.4.6.","03Oct2023","31Oct2023"
"","JFK","DUB","21:35","09:15","B767","DL0044","DAILY","01Oct2023","31Oct2023"
"","JFK","EDI","22:15","10:05","B767","DL0208","DAILY","01Oct2023","30Oct2023"
"","JFK","FCO","22:30","13:05","B767","DL0148","DAILY","01Oct2023","27Oct2023"
"","JFK","FCO","16:55","07:30","A330","DL0182","DAILY","01Oct2023","31Oct2023"
"","JFK","FCO","19:00","10:20","A330","DL0230","DAILY","01Oct2023","31Oct2023"
"","JFK","FRA","18:55","08:55","A330","DL0106","DAILY","01Oct2023","31Oct2023"
"","JFK","GVA","20:55","10:50","B767","DL0100","DAILY","01Oct2023","27Oct2023"
"","JFK","LGW","23:45","12:10","B767","DL0062","DAILY","01Oct2023","27Oct2023"
"","JFK","LHR","19:30","07:55","B767","DL0001","DAILY","01Oct2023","31Oct2023"
"","JFK","LHR","22:00","10:30","A330","DL0003","DAILY","01Oct2023","31Oct2023"
"","JFK","LIS","19:50","08:00","B767","DL0272","DAILY","01Oct2023","31Oct2023"
"","JFK","MAD","17:59","07:45","B767","DL0126","DAILY","01Oct2023","31Oct2023"
"","JFK","MXP","19:45","09:55","B767","DL0184","DAILY","01Oct2023","31Oct2023"
"","JFK","MXP","16:45","06:45","A330","DL0198","DAILY","01Oct2023","27Oct2023"
"","JFK","NCE","17:30","08:15","A330","DL0028","DAILY","01Oct2023","27Oct2023"
"","JFK","TLV","23:45","17:35","A330","DL0234","DAILY","01Oct2023","31Oct2023"
"","JFK","VCE","19:05","09:35","B767","DL0288","DAILY","01Oct2023","27Oct2023"
"","JFK","ZRH","20:45","10:35","B767","DL0052","DAILY","01Oct2023","31Oct2023"
"","LAX","CDG","17:05","13:05","A330","DL0290","DAILY","01Oct2023","31Oct2023"
"","LAX","LHR","19:55","14:50","A330","DL0186","DAILY","01Oct2023","31Oct2023"
"","MCO","AMS","20:05","10:15","A330","DL0036","DAILY","28Oct2023","31Oct2023"
"","MSP","AMS","16:30","08:15","A330","DL0160","DAILY","01Oct2023","31Oct2023"
"","MSP","AMS","19:20","11:15","A330","DL0162","DAILY","01Oct2023","31Oct2023"
"","MSP","AMS","21:25","12:35","A330","DL0164","DAILY","01Oct2023","27Oct2023"
"","MSP","CDG","21:40","13:05","A330","DL0138","DAILY","01Oct2023","27Oct2023"
"","MSP","CDG","16:30","08:15","A330","DL0152","DAILY","01Oct2023","31Oct2023"
"","MSP","LHR","17:20","07:15","A330","DL0010","DAILY","01Oct2023","31Oct2023"
"","PDX","AMS","14:00","09:15","A330","DL0178","DAILY","01Oct2023","31Oct2023"
"","RDU","CDG","18:00","08:10","B767","DL0286","DAILY","01Oct2023","27Oct2023"
"","SEA","AMS","13:40","09:25","A330","DL0142","DAILY","01Oct2023","31Oct2023"
"","SEA","AMS","18:05","13:05","A330","DL0144","DAILY","01Oct2023","27Oct2023"
"","SEA","CDG","13:40","13:25","A330","DL0080","DAILY","01Oct2023","31Oct2023"
"","SEA","LHR","19:00","13:15","A330","DL0020","DAILY","01Oct2023","31Oct2023"
"","SLC","AMS","14:50","09:15","A330","DL0056","DAILY","01Oct2023","31Oct2023"
"","SLC","CDG","14:45","09:05","A330","DL0220","DAILY","01Oct2023","31Oct2023"
"","SLC","LHR","18:55","13:30","A330","DL0050","DAILY","01Oct2023","31Oct2023"
"","","","","U.S. OUTBOUND TO APAC","","","","",""
"","Orig","Dest","Departs","Arrives","Fleet","Flight","DOW","Start Date","End Date"
"","ATL","HND","10:20","16:25","A350","DL0295","DAILY","01Oct2023","31Oct2023"
"","ATL","ICN","00:25","05:30","A350","DL0027","DAILY","01Oct2023","31Oct2023"
"","ATL","ICN","23:50","05:00","A350","DL0239","DAILY","28Oct2023","28Oct2023"
"","DTW","HND","10:10","17:10","A350","DL0275","DAILY","01Oct2023","31Oct2023"
"","DTW","ICN","12:00","17:20","A350","DL0159","DAILY","01Oct2023","31Oct2023"
"","DTW","PVG","10:15","15:20","A350","DL0389","1.3..6.","04Oct2023","30Oct2023"
"","HNL","HND","14:40","18:45","B767","DL0181","DAILY","28Oct2023","31Oct2023"
"","LAX","AKL","23:00","07:55","A350","DL0065","DAILY","28Oct2023","31Oct2023"
"","LAX","HND","09:50","14:35","A330","DL0007","DAILY","01Oct2023","31Oct2023"
"","LAX","PPT","10:50","16:45","B767","DL0119","DAILY","31Oct2023","31Oct2023"
"","LAX","SYD","22:05","07:35","A350","DL0041","DAILY","01Oct2023","31Oct2023"
"","LAX","SYD","20:45","06:05","A350","DL0043","DAILY","29Oct2023","29Oct2023"
"","MSP","HND","10:55","15:05","A330","DL0121","DAILY","01Oct2023","31Oct2023"
"","MSP","ICN","10:35","16:30","A350","DL0171","DAILY","01Oct2023","31Oct2023"
"","SEA","HND","10:50","15:20","A330","DL0167","DAILY","01Oct2023","31Oct2023"
"","SEA","ICN","11:25","16:15","A330","DL0197","DAILY","01Oct2023","31Oct2023"
"","SEA","PVG","10:25","17:05","A330","DL0281","12..5.7","03Oct2023","31Oct2023"
"","","","","U.S. OUTBOUND TO LATAM","","","","",""
"","Orig","Dest","Departs","Arrives","Fleet","Flight","DOW","Start Date","End Date"
"","ATL","BOG","15:55","19:45","B767","DL0981","DAILY","29Oct2023","31Oct2023"
"","ATL","EZE","21:55","09:00","B767","DL0101","DAILY","01Oct2023","31Oct2023"
"","ATL","GRU","18:55","05:40","A330","DL0105","DAILY","01Oct2023","31Oct2023"
"","ATL","GRU","20:50","09:35","B767","DL0269","DAILY","01Oct2023","31Oct2023"
"","ATL","LIM","15:30","21:40","A350","DL0151","DAILY","01Oct2023","31Oct2023"
"","ATL","SCL","21:05","07:20","A350","DL0147","DAILY","01Oct2023","31Oct2023"
"","JFK","BOG","12:45","17:45","B767","DL0253","DAILY","29Oct2023","31Oct2023"
"","JFK","EZE","21:59","10:15","B767","DL0115","DAILY","28Oct2023","31Oct2023"
"","JFK","GRU","22:30","09:55","B767","DL0227","DAILY","01Oct2023","31Oct2023"
"","","","","EMEIA OUTBOUND","","","","",""
"","Orig","Dest","Departs","Arrives","Fleet","Flight","DOW","Start Date","End Date"
"","ACC","JFK","21:50","05:15","B767","DL0157","DAILY","01Oct2023","31Oct2023"
"","AMS","ATL","08:25","12:15","A330","DL0071","DAILY","01Oct2023","28Oct2023"
"","AMS","ATL","10:35","16:00","A330","DL0073","DAILY","01Oct2023","31Oct2023"
"","AMS","ATL","12:50","17:50","A350","DL0075","DAILY","01Oct2023","31Oct2023"
"","AMS","BOS","14:50","16:55","A330","DL0257","DAILY","01Oct2023","28Oct2023"
"","AMS","BOS","11:30","14:30","A330","DL0259","DAILY","01Oct2023","31Oct2023"
"","AMS","DTW","07:55","14:10","A350","DL0133","DAILY","01Oct2023","31Oct2023"
"","AMS","DTW","10:15","17:00","A330","DL0135","DAILY","01Oct2023","31Oct2023"
"","AMS","DTW","13:30","18:45","A330","DL0137","DAILY","01Oct2023","31Oct2023"
"","AMS","JFK","08:55","13:25","A330","DL0047","DAILY","01Oct2023","31Oct2023"
"","AMS","JFK","11:40","15:20","A330","DL0049","DAILY","01Oct2023","31Oct2023"
"","AMS","MCO","12:15","17:50","A330","DL0037","DAILY","29Oct2023","31Oct2023"
"","AMS","MSP","12:40","16:15","A330","DL0163","DAILY","01Oct2023","31Oct2023"
"","AMS","MSP","15:20","17:45","A330","DL0165","DAILY","01Oct2023","28Oct2023"
"","AMS","MSP","10:35","13:45","A330","DL0161","DAILY","02Oct2023","31Oct2023"
"","AMS","PDX","09:10","11:55","A330","DL0179","DAILY","01Oct2023","31Oct2023"
"","AMS","SEA","10:00","12:55","A330","DL0143","DAILY","01Oct2023","31Oct2023"
"","AMS","SEA","14:35","16:05","A330","DL0145","DAILY","01Oct2023","28Oct2023"
"","AMS","SLC","08:45","12:45","A330","DL0057","DAILY","01Oct2023","31Oct2023"
"","ARN","JFK","10:20","13:10","B767","DL0205","DAILY","01Oct2023","28Oct2023"
"","ATH","ATL","12:50","18:00","A350","DL0223","DAILY","01Oct2023","28Oct2023"
"","ATH","BOS","11:10","14:50","A330","DL0241","12.4.6.","02Oct2023","28Oct2023"
"","ATH","JFK","10:20","16:00","A330","DL0203","DAILY","01Oct2023","31Oct2023"
"","ATH","JFK","15:15","19:35","B767","DL0213","12.4.6.","02Oct2023","28Oct2023"
"","BCN","ATL","09:55","15:35","A350","DL0195","DAILY","01Oct2023","31Oct2023"
"","BCN","JFK","08:15","17:15","B767","DL0169","DAILY","01Oct2023","31Oct2023"
"","BER","JFK","10:20","13:30","B767","DL0093","DAILY","01Oct2023","28Oct2023"
"","BRU","JFK","11:00","14:29","B767","DL0141","DAILY","01Oct2023","31Oct2023"
"","CDG","ATL","09:00","14:25","A350","DL0083","DAILY","01Oct2023","31Oct2023"
"","CDG","ATL","15:30","21:05","B767","DL0085","DAILY","01Oct2023","31Oct2023"
"","CDG","ATL","11:50","17:15","B767","DL0089","1.3.5.7","01Oct2023","30Oct2023"
"","CDG","BOS","11:20","15:05","A330","DL0225","DAILY","01Oct2023","31Oct2023"
"","CDG","CVG","12:00","16:30","B767","DL0229",".2.4.6.","03Oct2023","31Oct2023"
"","CDG","DTW","10:30","14:45","A330","DL0097","DAILY","01Oct2023","31Oct2023"
"","CDG","JFK","11:30","15:20","B767","DL0263","DAILY","01Oct2023","31Oct2023"
"","CDG","JFK","14:30","18:15","B767","DL0265","DAILY","01Oct2023","31Oct2023"
"","CDG","LAX","15:20","19:25","A330","DL0291","DAILY","01Oct2023","30Oct2023"
"","CDG","MSP","15:40","18:15","A330","DL0139","DAILY","01Oct2023","28Oct2023"
"","CDG","MSP","10:15","14:00","A330","DL0153","DAILY","01Oct2023","31Oct2023"
"","CDG","RDU","11:15","14:30","B767","DL0287","DAILY","01Oct2023","28Oct2023"
"","CDG","SEA","10:35","17:25","A330","DL0081","DAILY","01Oct2023","31Oct2023"
"","CDG","SLC","10:10","14:00","A330","DL0221","DAILY","01Oct2023","31Oct2023"
"","CPH","JFK","13:40","16:40","B767","DL0219","DAILY","01Oct2023","28Oct2023"
"","CPT","ATL","21:30","08:20","A350","DL0211",".2..5.7","01Oct2023","31Oct2023"
"","CPT","ATL","21:55","08:20","A350","DL0025","DAILY","30Oct2023","30Oct2023"
"","DSS","JFK","10:30","15:55","B767","DL0217","..3.5.7","01Oct2023","29Oct2023"
"","DUB","ATL","11:00","14:50","A350","DL0177","DAILY","01Oct2023","28Oct2023"
"","DUB","BOS","11:50","15:35","B767","DL0155","DAILY","01Oct2023","31Oct2023"
"","DUB","JFK","10:00","14:40","B767","DL0045","DAILY","01Oct2023","31Oct2023"
"","DUS","ATL","10:35","14:45","B767","DL0091","..3.5.7","01Oct2023","27Oct2023"
"","EDI","BOS","13:35","15:45","B767","DL0123","DAILY","01Oct2023","28Oct2023"
"","EDI","JFK","10:35","16:00","B767","DL0209","DAILY","01Oct2023","31Oct2023"
"","FCO","ATL","12:50","18:55","A330","DL0067","DAILY","01Oct2023","31Oct2023"
"","FCO","ATL","09:45","15:10","A330","DL0215","DAILY","01Oct2023","28Oct2023"
"","FCO","BOS","08:30","14:00","A330","DL0113","DAILY","01Oct2023","31Oct2023"
"","FCO","DTW","11:00","15:40","A330","DL0207","DAILY","01Oct2023","28Oct2023"
"","FCO","JFK","15:20","19:25","B767","DL0149","DAILY","01Oct2023","28Oct2023"
"","FCO","JFK","09:40","14:50","A330","DL0183","DAILY","01Oct2023","31Oct2023"
"","FCO","JFK","11:35","16:45","A330","DL0231","DAILY","01Oct2023","31Oct2023"
"","FRA","ATL","09:50","15:20","A330","DL0015","DAILY","01Oct2023","31Oct2023"
"","FRA","DTW","11:40","16:05","A330","DL0087","DAILY","01Oct2023","31Oct2023"
"","FRA","JFK","10:40","14:45","A330","DL0107","DAILY","01Oct2023","31Oct2023"
"","GVA","JFK","12:50","15:29","B767","DL0099","DAILY","01Oct2023","28Oct2023"
"","JNB","ATL","21:50","08:50","A350","DL0201","DAILY","01Oct2023","31Oct2023"
"","JNB","CPT","17:20","19:40","A350","DL0025","DAILY","30Oct2023","30Oct2023"
"","LGW","JFK","14:05","17:20","B767","DL0063","DAILY","01Oct2023","28Oct2023"
"","LHR","ATL","11:45","18:25","B767","DL0031","DAILY","01Oct2023","31Oct2023"
"","LHR","ATL","13:55","21:50","B767","DL0033","DAILY","01Oct2023","31Oct2023"
"","LHR","BOS","09:10","13:05","B767","DL0059","DAILY","01Oct2023","31Oct2023"
"","LHR","DTW","12:40","17:35","A330","DL0017","DAILY","01Oct2023","31Oct2023"
"","LHR","DTW","10:45","15:35","A330","DL0019",".234.67","01Oct2023","31Oct2023"
"","LHR","JFK","10:10","14:45","B767","DL0002","DAILY","01Oct2023","31Oct2023"
"","LHR","JFK","16:00","21:10","A330","DL0004","DAILY","01Oct2023","31Oct2023"
"","LHR","LAX","14:30","20:15","A330","DL0187","DAILY","01Oct2023","31Oct2023"
"","LHR","MSP","08:50","13:05","A330","DL0011","DAILY","01Oct2023","31Oct2023"
"","LHR","SEA","15:25","20:15","A330","DL0021","DAILY","01Oct2023","31Oct2023"
"","LHR","SLC","12:20","18:40","A330","DL0051","DAILY","01Oct2023","31Oct2023"
"","LIS","BOS","09:15","16:00","B767","DL0125","DAILY","01Oct2023","31Oct2023"
"","LIS","JFK","09:55","14:25","B767","DL0273","DAILY","01Oct2023","31Oct2023"
"","LOS","ATL","11:40","19:40","A330","DL0055","DAILY","01Oct2023","31Oct2023"
"","MAD","ATL","10:00","15:10","B767","DL0109","DAILY","01Oct2023","30Oct2023"
"","MAD","JFK","09:15","13:05","B767","DL0127","DAILY","01Oct2023","31Oct2023"
"","MUC","ATL","10:25","17:00","B767","DL0131","DAILY","01Oct2023","31Oct2023"
"","MUC","DTW","11:30","15:15","B767","DL0023","DAILY","01Oct2023","28Oct2023"
"","MXP","ATL","10:20","16:15","A350","DL0175","DAILY","01Oct2023","31Oct2023"
"","MXP","JFK","11:00","15:45","B767","DL0185","DAILY","01Oct2023","31Oct2023"
"","MXP","JFK","09:00","12:25","A330","DL0199","DAILY","01Oct2023","28Oct2023"
"","NCE","JFK","14:15","17:25","A330","DL0029","DAILY","01Oct2023","28Oct2023"
"","STR","ATL","10:40","15:05","B767","DL0117","12.4.6.","02Oct2023","28Oct2023"
"","TLV","ATL","10:05","18:00","A350","DL0249","DAILY","01Oct2023","31Oct2023"
"","TLV","BOS","12:10","18:45","A330","DL0243","..3.5.7","01Oct2023","29Oct2023"
"","TLV","JFK","22:40","05:10","A330","DL0235","DAILY","01Oct2023","31Oct2023"
"","VCE","ATL","11:35","16:40","B767","DL0193","DAILY","01Oct2023","28Oct2023"
"","VCE","JFK","13:35","17:30","B767","DL0289","DAILY","01Oct2023","28Oct2023"
"","ZRH","JFK","13:30","17:45","B767","DL0053","DAILY","01Oct2023","31Oct2023"
"","","","","APAC OUTBOUND","","","","",""
"","Orig","Dest","Departs","Arrives","Fleet","Flight","DOW","Start Date","End Date"
"","AKL","LAX","14:00","06:00","A350","DL0064","DAILY","30Oct2023","31Oct2023"
"","HND","ATL","18:25","18:50","A350","DL0296","DAILY","01Oct2023","31Oct2023"
"","HND","DTW","15:25","15:25","A350","DL0276","DAILY","01Oct2023","31Oct2023"
"","HND","HNL","21:00","09:20","B767","DL0180","DAILY","29Oct2023","31Oct2023"
"","HND","LAX","16:45","11:40","A330","DL0008","DAILY","01Oct2023","31Oct2023"
"","HND","MSP","16:20","15:10","A330","DL0120","DAILY","01Oct2023","31Oct2023"
"","HND","SEA","16:05","10:15","A330","DL0166","DAILY","01Oct2023","31Oct2023"
"","ICN","ATL","18:40","19:20","A350","DL0026","DAILY","01Oct2023","31Oct2023"
"","ICN","DTW","09:35","10:50","A350","DL0158","DAILY","01Oct2023","31Oct2023"
"","ICN","MSP","19:25","18:15","A350","DL0170","DAILY","01Oct2023","31Oct2023"
"","ICN","SEA","19:25","14:30","A330","DL0196","DAILY","01Oct2023","31Oct2023"
"","PPT","LAX","18:45","06:15","B767","DL0118","DAILY","31Oct2023","31Oct2023"
"","PVG","DTW","16:45","19:22","A350","DL0388","12..5.7","02Oct2023","31Oct2023"
"","PVG","SEA","17:30","15:33","A330","DL0282","12.4..7","01Oct2023","31Oct2023"
"","SYD","LAX","10:05","06:15","A350","DL0040","DAILY","01Oct2023","31Oct2023"
"","SYD","LAX","13:15","09:05","A350","DL0042","DAILY","31Oct2023","31Oct2023"
"","","","","LATAM OUTBOUND","","","","",""
"","Orig","Dest","Departs","Arrives","Fleet","Flight","DOW","Start Date","End Date"
"","BOG","ATL","09:00","15:00","B767","DL0980","DAILY","30Oct2023","31Oct2023"
"","BOG","JFK","23:40","06:40","B767","DL0254","DAILY","29Oct2023","31Oct2023"
"","EZE","ATL","20:00","06:35","B767","DL0110","DAILY","01Oct2023","31Oct2023"
"","EZE","JFK","22:10","08:25","B767","DL0114","DAILY","29Oct2023","31Oct2023"
"","GRU","ATL","22:50","07:45","A330","DL0104","DAILY","01Oct2023","31Oct2023"
"","GRU","ATL","09:45","19:10","B767","DL0270","DAILY","01Oct2023","31Oct2023"
"","GRU","JFK","21:15","06:25","B767","DL0226","DAILY","01Oct2023","31Oct2023"
"","LIM","ATL","09:00","16:55","A350","DL0150","DAILY","01Oct2023","31Oct2023"
"","LIM","ATL","09:00","16:55","A350","DL0180","DAILY","28Oct2023","28Oct2023"
"","SCL","ATL","22:30","07:55","A350","DL0146","DAILY","01Oct2023","31Oct2023"
"","","","","","NARROWBODY","","","",""
"","","","","","LATAM","","","",""
"","Orig","Dest","Departs","Arrives","Fleet","Flight","DOW","Start Date","End Date"
"","ATL","AUA","10:11","14:20","B737","DL0582","DAILY","01Oct2023","31Oct2023"
"","ATL","BDA","10:51","14:44","A319","DL0583","1.3..6.","02Oct2023","07Oct2023"
"","ATL","BDA","10:51","14:42","A319","DL0584","1.3..6.","09Oct2023","30Oct2023"
"","ATL","BOG","15:53","19:45","B757","DL0981","DAILY","01Oct2023","28Oct2023"
"","ATL","BOG","10:35","14:20","B757","DL0982","DAILY","29Oct2023","31Oct2023"
"","ATL","BON","09:45","13:55","B737","DL1765",".....6.","07Oct2023","28Oct2023"
"","ATL","BZE","10:00","11:02","B737","DL1983","1.34567","01Oct2023","30Oct2023"
"","ATL","CUN","12:46","14:19","B757","DL0579","DAILY","01Oct2023","28Oct2023"
"","ATL","CUN","09:45","11:25","B757","DL0586","DAILY","01Oct2023","31Oct2023"
"","ATL","CUN","11:05","12:49","B757","DL0592","DAILY","01Oct2023","28Oct2023"
"","ATL","CUN","11:05","19:50","B757","DL0598","DAILY","01Oct2023","31Oct2023"
"","ATL","CUN","08:27","10:01","B757","DL1964",".....6.","07Oct2023","28Oct2023"
"","ATL","CUN","13:37","15:05","B757","DL0601","DAILY","29Oct2023","31Oct2023"
"","ATL","CUN","18:25","19:50","B757","DL1939","DAILY","29Oct2023","31Oct2023"
"","ATL","GCM","10:05","11:59","B737","DL0600","1..4567","01Oct2023","30Oct2023"
"","ATL","GDL","09:50","11:56","B737","DL1992","DAILY","01Oct2023","31Oct2023"
"","ATL","GUA","10:30","12:05","B757","DL1830","DAILY","01Oct2023","31Oct2023"
"","ATL","KIN","18:55","21:00","B737","DL1906","DAILY","01Oct2023","31Oct2023"
"","ATL","LIR","09:58","11:56","B757","DL1898","DAILY","01Oct2023","31Oct2023"
"","ATL","MBJ","11:35","13:31","A321","DL1801","DAILY","01Oct2023","31Oct2023"
"","ATL","MBJ","13:45","15:37","B737","DL1949","1..4567","01Oct2023","30Oct2023"
"","ATL","MBJ","09:00","11:37","A321","DL1997","DAILY","01Oct2023","31Oct2023"
"","ATL","MEX","08:19","10:10","B757","DL0577","DAILY","01Oct2023","31Oct2023"
"","ATL","MEX","10:13","11:55","B757","DL0588","DAILY","01Oct2023","31Oct2023"
"","ATL","MEX","12:15","14:00","B737","DL0602","DAILY","01Oct2023","31Oct2023"
"","ATL","MEX","17:50","20:00","B737","DL0641","DAILY","01Oct2023","31Oct2023"
"","ATL","MTY","10:05","11:28","B737","DL1929","DAILY","01Oct2023","31Oct2023"
"","ATL","NAS","11:05","13:09","B737","DL1938","DAILY","01Oct2023","31Oct2023"
"","ATL","NAS","09:45","11:51","B737","DL1944","DAILY","01Oct2023","31Oct2023"
"","ATL","NAS","13:57","15:59","B737","DL1797",".....6.","14Oct2023","28Oct2023"
"","ATL","PLS","10:20","13:10","B737","DL1869","DAILY","01Oct2023","31Oct2023"
"","ATL","PTY","09:45","12:49","B737","DL1759","DAILY","01Oct2023","31Oct2023"
"","ATL","PTY","16:50","19:53","B737","DL1905","....56.","06Oct2023","28Oct2023"
"","ATL","PUJ","09:50","13:24","B757","DL1900","DAILY","01Oct2023","31Oct2023"
"","ATL","PUJ","11:52","15:25","B737","DL1916","DAILY","01Oct2023","31Oct2023"
"","ATL","PUJ","08:15","11:43","A321","DL1760",".....6.","14Oct2023","28Oct2023"
"","ATL","PVR","09:55","12:00","B737","DL1941","1..4567","01Oct2023","30Oct2023"
"","ATL","RTB","11:10","12:21","B737","DL1808",".....6.","07Oct2023","28Oct2023"
"","ATL","SAL","10:31","12:10","B737","DL1910","DAILY","01Oct2023","31Oct2023"
"","ATL","SAP","10:05","11:20","A319","DL1920","DAILY","01Oct2023","31Oct2023"
"","ATL","SDQ","09:45","13:13","B737","DL1958","DAILY","01Oct2023","31Oct2023"
"","ATL","SJD","09:45","11:09","B737","DL1815","DAILY","01Oct2023","31Oct2023"
"","ATL","SJD","11:00","12:22","B737","DL1945",".....6.","14Oct2023","28Oct2023"
"","ATL","SJO","09:45","11:44","B757","DL1940","DAILY","01Oct2023","31Oct2023"
"","ATL","SJU","09:54","13:39","B757","DL0634","DAILY","01Oct2023","31Oct2023"
"","ATL","SJU","12:15","15:54","B757","DL1431","DAILY","01Oct2023","31Oct2023"
"","ATL","SJU","18:55","22:35","B757","DL1861","DAILY","01Oct2023","31Oct2023"
"","ATL","STT","09:40","13:36","B757","DL1950","DAILY","01Oct2023","31Oct2023"
"","ATL","STT","11:05","14:54","B757","DL1952",".....6.","07Oct2023","28Oct2023"
"","ATL","SXM","09:45","13:55","B757","DL1894","...4567","01Oct2023","29Oct2023"
"","ATL","UIO","15:55","20:15","B757","DL0633","DAILY","01Oct2023","31Oct2023"
"","ATL","UVF","09:45","14:20","B737","DL1970","12.4567","01Oct2023","31Oct2023"
"","AUA","ATL","15:45","20:00","B737","DL0581","DAILY","01Oct2023","31Oct2023"
"","AUA","JFK","14:15","19:30","B737","DL0612","1..4567","01Oct2023","30Oct2023"
"","BDA","ATL","16:00","18:06","A319","DL0583","1.3..6.","02Oct2023","30Oct2023"
"","BDA","JFK","13:05","14:39","A319","DL0616","1..45.7","01Oct2023","30Oct2023"
"","BOG","ATL","09:00","15:11","B757","DL0980","DAILY","01Oct2023","29Oct2023"
"","BOG","ATL","15:50","22:00","B757","DL0983","DAILY","29Oct2023","31Oct2023"
"","BOG","JFK","23:40","06:40","B757","DL0254","DAILY","01Oct2023","28Oct2023"
"","BON","ATL","15:23","19:42","B737","DL1764",".....6.","07Oct2023","28Oct2023"
"","BOS","CUN","08:25","12:08","A321","DL0627",".....6.","14Oct2023","28Oct2023"
"","BOS","SJU","07:40","12:04","A3NE","DL1780","DAILY","01Oct2023","31Oct2023"
"","BZE","ATL","12:25","17:30","B737","DL1802","1.34567","01Oct2023","30Oct2023"
"","CUN","ATL","12:30","16:14","B757","DL0585","DAILY","01Oct2023","31Oct2023"
"","CUN","ATL","13:45","17:36","B757","DL0591","DAILY","01Oct2023","28Oct2023"
"","CUN","ATL","08:00","11:39","B757","DL0596","DAILY","01Oct2023","29Oct2023"
"","CUN","ATL","13:45","19:06","B757","DL0597","DAILY","01Oct2023","31Oct2023"
"","CUN","ATL","11:10","14:53","B757","DL1963",".....6.","07Oct2023","28Oct2023"
"","CUN","ATL","16:05","19:48","B757","DL0595","DAILY","29Oct2023","31Oct2023"
"","CUN","ATL","08:00","11:39","B757","DL0609","DAILY","30Oct2023","31Oct2023"
"","CUN","BOS","13:15","18:28","A321","DL0626",".....6.","14Oct2023","28Oct2023"
"","CUN","DTW","12:30","17:25","A321","DL0618","1.34567","01Oct2023","30Oct2023"
"","CUN","DTW","14:14","19:06","B757","DL1911",".....6.","07Oct2023","28Oct2023"
"","CUN","JFK","12:23","17:55","B737","DL0620","DAILY","01Oct2023","31Oct2023"
"","CUN","LAX","18:02","21:16","B737","DL0614","DAILY","01Oct2023","31Oct2023"
"","CUN","MSP","14:00","18:29","B737","DL1878","1..4567","01Oct2023","30Oct2023"
"","CUN","SEA","16:30","21:06","B737","DL0604","1..4567","01Oct2023","30Oct2023"
"","CUN","SLC","15:55","19:58","B737","DL0647","1.34567","01Oct2023","30Oct2023"
"","DTW","CUN","08:38","11:24","A321","DL0619","1.34567","01Oct2023","30Oct2023"
"","DTW","CUN","10:20","13:05","B757","DL1912",".....6.","07Oct2023","28Oct2023"
"","DTW","MEX","08:57","11:45","A319","DL0646","DAILY","01Oct2023","31Oct2023"
"","DTW","SJU","09:01","13:26","A321","DL1762","DAILY","01Oct2023","08Oct2023"
"","DTW","SJU","09:00","13:56","B737","DL1925","DAILY","09Oct2023","31Oct2023"
"","GCM","ATL","13:05","16:58","B737","DL1700","1..4567","01Oct2023","30Oct2023"
"","GDL","ATL","13:00","19:03","B737","DL1804","DAILY","01Oct2023","31Oct2023"
"","GUA","ATL","13:35","19:14","B757","DL1831","DAILY","01Oct2023","31Oct2023"
"","GUA","LAX","07:15","11:57","B757","DL1903",".2..56.","03Oct2023","31Oct2023"
"","HAV","MIA","11:55","12:59","B737","DL1788","DAILY","01Oct2023","31Oct2023"
"","HAV","MIA","16:30","17:39","B737","DL1790","DAILY","01Oct2023","31Oct2023"
"","JFK","AUA","08:15","12:50","B737","DL0613","1..4567","01Oct2023","30Oct2023"
"","JFK","BDA","08:30","11:50","A319","DL0616","1..45.7","01Oct2023","08Oct2023"
"","JFK","BDA","08:35","11:55","A319","DL0617","1..45.7","09Oct2023","30Oct2023"
"","JFK","BOG","13:45","18:45","B757","DL0253","DAILY","01Oct2023","28Oct2023"
"","JFK","CUN","08:15","11:38","B737","DL0621","DAILY","01Oct2023","31Oct2023"
"","JFK","MBJ","08:15","11:35","B737","DL1955","DAILY","01Oct2023","31Oct2023"
"","JFK","MEX","09:13","13:00","B757","DL0625","DAILY","01Oct2023","31Oct2023"
"","JFK","NAS","09:05","12:20","B737","DL1907","12.4567","01Oct2023","31Oct2023"
"","JFK","PUJ","08:20","12:43","B737","DL1994","1.34567","01Oct2023","30Oct2023"
"","JFK","SDQ","12:59","17:26","B737","DL1908","DAILY","01Oct2023","31Oct2023"
"","JFK","SDQ","08:30","12:57","B737","DL1917","DAILY","01Oct2023","31Oct2023"
"","JFK","SDQ","20:29","00:40","B737","DL1943","DAILY","01Oct2023","31Oct2023"
"","JFK","SJU","19:00","23:39","B737","DL1859","DAILY","01Oct2023","31Oct2023"
"","JFK","SJU","08:00","12:04","A3NE","DL1877","DAILY","01Oct2023","31Oct2023"
"","JFK","SJU","12:15","17:09","B737","DL1961","DAILY","01Oct2023","31Oct2023"
"","JFK","STI","08:15","12:30","B737","DL1845","DAILY","01Oct2023","31Oct2023"
"","JFK","STI","14:30","18:25","B737","DL1855","DAILY","01Oct2023","31Oct2023"
"","JFK","STI","20:59","00:59","B737","DL1975","DAILY","01Oct2023","31Oct2023"
"","KIN","ATL","09:00","13:01","B737","DL1841","DAILY","01Oct2023","31Oct2023"
"","LAX","CUN","10:20","17:07","B737","DL0615","DAILY","01Oct2023","31Oct2023"
"","LAX","GUA","23:30","05:59","B757","DL1897","1..45..","02Oct2023","30Oct2023"
"","LAX","MEX","09:05","14:05","B757","DL0631","DAILY","01Oct2023","31Oct2023"
"","LAX","PVR","10:00","14:20","B737","DL1857","1..4567","01Oct2023","30Oct2023"
"","LAX","SAL","23:40","06:14","B757","DL1967","..3.5.7","01Oct2023","29Oct2023"
"","LAX","SJD","08:55","11:34","B737","DL1875","DAILY","01Oct2023","31Oct2023"
"","LAX","SJO","23:29","06:30","B757","DL1974",".2...6.","03Oct2023","31Oct2023"
"","LIR","ATL","13:21","19:20","B757","DL1820","DAILY","01Oct2023","31Oct2023"
"","MBJ","ATL","15:00","19:05","A321","DL1800","DAILY","01Oct2023","31Oct2023"
"","MBJ","ATL","12:20","17:07","A321","DL1928","DAILY","01Oct2023","31Oct2023"
"","MBJ","ATL","17:00","20:59","B737","DL1987","1..4567","01Oct2023","30Oct2023"
"","MBJ","JFK","12:53","18:15","B737","DL1957","DAILY","01Oct2023","31Oct2023"
"","MEX","ATL","11:30","17:04","B757","DL0576","DAILY","01Oct2023","31Oct2023"
"","MEX","ATL","13:20","18:57","B757","DL0587","DAILY","01Oct2023","31Oct2023"
"","MEX","ATL","08:40","14:20","B737","DL0593","DAILY","01Oct2023","31Oct2023"
"","MEX","ATL","15:30","21:00","B737","DL0599","DAILY","01Oct2023","31Oct2023"
"","MEX","DTW","13:00","19:34","A319","DL0645","DAILY","01Oct2023","31Oct2023"
"","MEX","JFK","14:05","21:30","B757","DL0624","DAILY","01Oct2023","31Oct2023"
"","MEX","LAX","15:30","18:51","B757","DL0630","DAILY","01Oct2023","31Oct2023"
"","MEX","MSP","13:55","19:22","A319","DL0605","DAILY","01Oct2023","31Oct2023"
"","MEX","SLC","14:50","19:08","A319","DL0642","DAILY","01Oct2023","31Oct2023"
"","MIA","HAV","09:01","10:20","B737","DL1787","DAILY","01Oct2023","31Oct2023"
"","MIA","HAV","13:57","15:20","B737","DL1789","DAILY","01Oct2023","31Oct2023"
"","MSP","CUN","09:00","13:15","B737","DL1881","1..4567","01Oct2023","30Oct2023"
"","MSP","MEX","09:12","12:40","A319","DL0611","DAILY","01Oct2023","31Oct2023"
"","MTY","ATL","12:23","17:36","B737","DL1866","DAILY","01Oct2023","31Oct2023"
"","NAS","ATL","14:40","16:48","B737","DL1938","DAILY","01Oct2023","08Oct2023"
"","NAS","ATL","13:21","15:29","B737","DL1944","DAILY","01Oct2023","08Oct2023"
"","NAS","ATL","13:21","15:36","B737","DL1965","DAILY","09Oct2023","31Oct2023"
"","NAS","ATL","14:38","16:52","B737","DL1976","DAILY","09Oct2023","31Oct2023"
"","NAS","ATL","17:24","19:39","B737","DL1956",".....6.","14Oct2023","28Oct2023"
"","NAS","JFK","13:49","16:55","B737","DL1907","12.4567","01Oct2023","08Oct2023"
"","NAS","JFK","13:55","17:00","B737","DL1918","12.4567","09Oct2023","31Oct2023"
"","PLS","ATL","14:35","17:34","B737","DL1872","DAILY","01Oct2023","31Oct2023"
"","PTY","ATL","14:14","19:40","B737","DL1758","DAILY","01Oct2023","31Oct2023"
"","PTY","ATL","08:10","13:31","B737","DL1904",".....67","01Oct2023","29Oct2023"
"","PUJ","ATL","16:41","20:35","B737","DL1836","DAILY","01Oct2023","31Oct2023"
"","PUJ","ATL","14:48","18:40","B757","DL1919","DAILY","01Oct2023","31Oct2023"
"","PUJ","ATL","13:13","17:05","A321","DL1827",".....6.","14Oct2023","28Oct2023"
"","PUJ","JFK","13:57","18:30","B737","DL1833","1.34567","01Oct2023","30Oct2023"
"","PVR","ATL","13:10","19:11","B737","DL1816","1..4567","01Oct2023","30Oct2023"
"","PVR","LAX","15:10","17:35","B737","DL1856","1..4567","01Oct2023","30Oct2023"
"","PVR","SEA","14:15","18:22","B737","DL1922",".....6.","07Oct2023","28Oct2023"
"","PVR","SLC","16:10","19:45","B737","DL1838","1..4567","07Oct2023","30Oct2023"
"","RTB","ATL","13:44","18:51","B737","DL1807",".....6.","07Oct2023","28Oct2023"
"","SAL","ATL","13:35","19:10","B737","DL1978","DAILY","01Oct2023","31Oct2023"
"","SAL","LAX","07:30","12:07","B757","DL1966","1..4.6.","02Oct2023","30Oct2023"
"","SAP","ATL","12:35","18:01","A319","DL1842","DAILY","01Oct2023","31Oct2023"
"","SDQ","ATL","14:33","18:13","B737","DL1803","DAILY","01Oct2023","31Oct2023"
"","SDQ","JFK","14:01","18:45","B737","DL1829","DAILY","01Oct2023","31Oct2023"
"","SDQ","JFK","18:44","23:24","B737","DL1863","DAILY","01Oct2023","31Oct2023"
"","SDQ","JFK","06:00","12:00","B737","DL1942","DAILY","01Oct2023","31Oct2023"
"","SEA","CUN","07:30","15:20","B737","DL0594","1..4567","01Oct2023","30Oct2023"
"","SEA","PVR","07:15","13:07","B737","DL1921",".....6.","07Oct2023","28Oct2023"
"","SEA","SJD","07:45","12:05","B737","DL1914",".....6.","07Oct2023","28Oct2023"
"","SJD","ATL","12:00","19:00","B737","DL1848","DAILY","01Oct2023","31Oct2023"
"","SJD","ATL","13:27","20:10","B737","DL1892",".....6.","14Oct2023","28Oct2023"
"","SJD","LAX","12:30","15:14","B737","DL1876","DAILY","01Oct2023","31Oct2023"
"","SJD","SEA","13:09","17:44","B737","DL1999",".....6.","07Oct2023","28Oct2023"
"","SJD","SLC","14:35","18:35","B737","DL1871","1..4567","01Oct2023","30Oct2023"
"","SJO","ATL","13:10","19:20","B757","DL1823","DAILY","01Oct2023","31Oct2023"
"","SJO","LAX","08:00","13:17","B757","DL1972","..3...7","01Oct2023","29Oct2023"
"","SJU","ATL","14:45","18:45","B757","DL0634","DAILY","01Oct2023","31Oct2023"
"","SJU","ATL","17:04","21:03","B757","DL1431","DAILY","01Oct2023","31Oct2023"
"","SJU","ATL","07:10","11:05","B757","DL1763","DAILY","01Oct2023","31Oct2023"
"","SJU","BOS","13:05","17:35","A3NE","DL1780","DAILY","01Oct2023","31Oct2023"
"","SJU","DTW","14:36","20:08","B737","DL1762","DAILY","01Oct2023","31Oct2023"
"","SJU","JFK","07:00","12:02","B737","DL1854","DAILY","01Oct2023","31Oct2023"
"","SJU","JFK","13:07","17:19","A3NE","DL1877","DAILY","01Oct2023","31Oct2023"
"","SJU","JFK","17:20","22:24","B737","DL1961","DAILY","01Oct2023","31Oct2023"
"","SLC","CUN","09:30","15:00","B737","DL0649","1.34567","01Oct2023","30Oct2023"
"","SLC","MEX","09:25","13:35","A319","DL0628","DAILY","01Oct2023","31Oct2023"
"","SLC","PVR","11:30","15:00","B737","DL0005","DAILY","07Oct2023","07Oct2023"
"","SLC","PVR","11:35","15:00","B737","DL1948","1..4567","14Oct2023","30Oct2023"
"","SLC","SJD","11:30","13:35","B737","DL1885","1..4567","01Oct2023","30Oct2023"
"","STI","JFK","13:36","18:25","B737","DL1822","DAILY","01Oct2023","31Oct2023"
"","STI","JFK","19:55","23:59","B737","DL1969","DAILY","01Oct2023","31Oct2023"
"","STI","JFK","06:10","10:00","B737","DL1993","DAILY","01Oct2023","31Oct2023"
"","STT","ATL","14:36","18:39","B757","DL1950","DAILY","01Oct2023","31Oct2023"
"","STT","ATL","15:58","19:59","B757","DL1952",".....6.","07Oct2023","28Oct2023"
"","SXM","ATL","15:17","19:35","B757","DL1873","...4567","01Oct2023","29Oct2023"
"","UIO","ATL","23:30","06:15","B757","DL0632","DAILY","01Oct2023","31Oct2023"
"","UVF","ATL","15:28","20:29","B737","DL1785","12.4567","01Oct2023","31Oct2023"
